url,title,visit_time
https://www.google.com/search?q=python,Google Search - python,2026-06-19 09:00:00
https://www.google.com/search?q=tkinter,Google Search - tkinter,2026-06-19 09:05:00
https://github.com/Soutikkk/Browser_History_Visualizer,Soutikkk/Browser_History_Visualizer GitHub,2026-06-19 09:10:00
https://github.com/trending,Trending repositories on GitHub,2026-06-19 09:12:00
https://stackoverflow.com/questions,Newest Questions - Stack Overflow,2026-06-19 09:15:00
https://stackoverflow.com/tags,Tags - Stack Overflow,2026-06-19 09:18:00
https://news.ycombinator.com/,Hacker News,2026-06-19 09:20:00
https://news.ycombinator.com/newest,Hacker News | New Links,2026-06-19 09:22:00
https://www.youtube.com/watch?v=1,Python Tutorial for Beginners - YouTube,2026-06-19 09:30:00
https://www.youtube.com/watch?v=2,Tkinter GUI Tutorial - YouTube,2026-06-19 09:35:00
https://www.youtube.com/watch?v=3,Matplotlib Charts Tutorial - YouTube,2026-06-19 09:40:00
https://wikipedia.org/wiki/Python_(programming_language),Python (programming language) - Wikipedia,2026-06-19 09:45:00
https://wikipedia.org/wiki/Tkinter,Tkinter - Wikipedia,2026-06-19 09:46:00
https://reddit.com/r/python,Python on Reddit,2026-06-19 09:50:00
https://reddit.com/r/learnprogramming,Learn Programming on Reddit,2026-06-19 09:52:00
https://reddit.com/r/tkinter,Tkinter GUI on Reddit,2026-06-19 09:55:00
https://docs.python.org/3/library/tkinter.html,tkinter — Python interface to Tcl/Tk,2026-06-19 10:00:00
https://matplotlib.org/stable/users/index.html,Matplotlib Documentation,2026-06-19 10:05:00
https://gemini.google.com/,Gemini Chat,2026-06-19 10:10:00
https://github.com/trending?since=daily,GitHub Daily Trending,2026-06-19 10:12:00
https://www.google.com/search?q=matplotlib+embedded+tkinter,Google Search - matplotlib embedded tkinter,2026-06-19 10:15:00
https://stackoverflow.com/questions/tagged/tkinter,Questions tagged tkinter - Stack Overflow,2026-06-19 10:18:00
